day,FTM_share,LB_share,OPP_share,FTM_conv,LB_conv,OPP_conv,FTM_churn,LB_churn,OPP_churn
0,6.144569019257883,2.9709915908090014,0.0,218.0,107.0,0.0,0.006241791552927738,0.0019813821639717674,0.0
1,9.98880294257592,5.831987062750765,0.0,244.0,92.0,0.0,0.010174678832502036,0.0038693929231011174,0.0
2,14.551969285901414,8.585238145939442,0.0,217.0,86.0,0.0,0.01486329922027508,0.005667835730240868,0.0
3,21.23022570713815,11.028804683717059,0.0,236.0,99.0,0.0,0.021743578763267227,0.0072442730331966345,0.0
4,26.0623794420084,12.44068844205445,0.0,221.0,90.0,0.0,0.026765184048669337,0.008116241662607594,0.0
5,32.24234259579072,13.551910215726249,0.0,245.0,84.0,0.0,0.033201623898586156,0.008778226328201223,0.0
6,38.5538855871759,14.993868553185507,0.0,224.0,90.0,0.0,0.03980835996617984,0.00965456576654904,0.0
7,44.25838638880501,16.354369026402992,0.0,212.0,85.0,0.0,0.04582177901604079,0.01046726871800107,0.0
8,49.84772004172471,17.50452876652636,0.0,173.0,72.0,0.0,0.051747428161375224,0.011130582457274467,0.0
9,55.16422028621498,19.47388414005951,0.0,210.0,83.0,0.0,0.057420230867810826,0.012335995254991444,0.0
10,59.59968062349017,22.37972668416696,0.0,185.0,85.0,0.0,0.062203132646340004,0.014157455892548684,0.0
11,65.29542302829722,25.36371264289894,0.0,238.0,82.0,0.0,0.06832959557877645,0.01601404126802497,0.0
12,70.42669185837435,27.606354556759552,0.0,198.0,92.0,0.0,0.07389552061645753,0.017358086139386622,0.0
13,75.54019348408157,29.54786663269634,0.0,197.0,75.0,0.0,0.0794713472657625,0.01848792406321035,0.0
14,80.3478728374208,31.050174775724344,0.0,213.0,68.0,0.0,0.08475307909321662,0.019313478593620842,0.0
15,85.30738038999799,34.029055141662276,0.0,204.0,84.0,0.0,0.09022217715252343,0.021119634062066277,0.0
16,90.0296462656576,35.76155404314215,0.0,189.0,75.0,0.0,0.09546734142844909,0.02207825632308879,0.0
17,95.55400062209496,38.278542794897156,0.0,187.0,78.0,0.0,0.10159158950858548,0.023551788785536494,0.0
18,100.71429682654335,40.55099020871404,0.0,202.0,85.0,0.0,0.10735854707733924,0.02484988348041136,0.0
19,105.80986039742398,43.20460135701296,0.0,184.0,75.0,0.0,0.11308507776801272,0.026388851701080684,0.0
20,111.3971601427185,45.47630038257917,0.0,172.0,73.0,0.0,0.11936692137214569,0.027655813143466976,0.0
21,115.79920520863242,47.786073901475724,0.0,143.0,83.0,0.0,0.12440654698930373,0.028936158522803693,0.0
22,120.66388309972082,50.75542931613835,0.0,169.0,87.0,0.0,0.1299690138810864,0.030644585337376247,0.0
23,124.26377927713284,53.2639403810598,0.0,168.0,82.0,0.0,0.13419275022530663,0.03202947561908739,0.0
24,128.6524050829393,55.149874382584954,0.0,203.0,71.0,0.0,0.13929049759370668,0.032984917393759576,0.0
25,134.57299613695423,57.385980792662565,0.0,193.0,84.0,0.0,0.1460756126517283,0.03416386019266505,0.0
26,139.3213780839019,59.43185912163988,0.0,169.0,77.0,0.0,0.15161805305231763,0.035202752103760185,0.0
27,145.60251881470828,61.846994639638524,0.0,182.0,81.0,0.0,0.15885926919365218,0.03647738522717061,0.0
28,148.3868748926973,63.40982402733759,0.0,154.0,74.0,0.0,0.16231058867764775,0.03717061230092446,0.0
29,151.3689660145119,65.77683376269967,0.0,175.0,79.0,0.0,0.16599426701533193,0.03839567004334056,0.0
30,155.79336144534358,67.87253956574298,0.0,147.0,79.0,0.0,0.17128024484397694,0.03942933209180079,0.0
31,160.55889660813952,70.4803935867254,0.0,176.0,84.0,0.0,0.17696688287996362,0.04079462766624997,0.0
32,164.93760186134637,71.69923222294219,0.0,176.0,71.0,0.0,0.18225264156507048,0.04116136378321654,0.0
33,168.1603562494026,73.59287368883263,0.0,156.0,88.0,0.0,0.18628228167950828,0.04203420978523095,0.0
34,172.96394644019784,75.21934281541067,0.0,145.0,68.0,0.0,0.19208548488047306,0.04272006261113916,0.0
35,177.09316310059097,76.47619022320606,0.0,190.0,65.0,0.0,0.19716465441525205,0.04315259220460701,0.0
36,179.6636037930678,78.67522392933739,0.0,143.0,83.0,0.0,0.20052704945862843,0.04420953711190648,0.0
37,183.87140035157563,80.76517583150098,0.0,192.0,79.0,0.0,0.20573582849821914,0.045183232971542885,0.0
38,186.43308953750378,82.47025137348868,0.0,139.0,76.0,0.0,0.20912162488264674,0.045892199947804316,0.0
39,189.74208347392954,84.36784983597849,0.0,153.0,74.0,0.0,0.2133620330242883,0.046725861834518864,0.0
40,191.80075496206462,86.07663958653507,0.0,168.0,72.0,0.0,0.21621143291791078,0.04742646565964179,0.0
41,196.14659176813734,88.48804791955521,0.0,177.0,86.0,0.0,0.22165693729695074,0.048591666979835774,0.0
42,199.32226715790415,90.61010684863408,0.0,223.0,75.0,0.0,0.22580105394657743,0.04955397414695965,0.0
43,201.69096345636825,92.74877639930314,0.0,156.0,70.0,0.0,0.22904644187159445,0.05051963852012063,0.0
44,204.60422996062553,94.40032772015522,0.0,209.0,63.0,0.0,0.2329249821074872,0.05115138185061469,0.0
45,206.87247845615366,96.08420438845243,0.0,183.0,78.0,0.0,0.23608366462465244,0.0517990073784626,0.0
46,209.07095791031173,98.43132079712807,0.0,176.0,62.0,0.0,0.2391751766392313,0.05288359132437838,0.0
47,212.26218723554027,101.33698783225087,0.0,155.0,82.0,0.0,0.2434174073126505,0.05433296487718584,0.0
48,214.48742936025204,103.80151355566073,0.0,171.0,68.0,0.0,0.246566963017972,0.05547427659012891,0.0
49,216.69294758864373,104.78683899417399,0.0,189.0,68.0,0.0,0.2497061951401328,0.055534776540523426,0.0
50,219.35206592053564,107.60991644825276,0.0,194.0,76.0,0.0,0.2533816929679943,0.05692254592123739,0.0
51,221.53423694293036,110.15178869722239,0.0,190.0,68.0,0.0,0.2565197458130961,0.058127751030367804,0.0
52,223.23047196631836,112.37267031085207,0.0,166.0,72.0,0.0,0.25910593320470415,0.059118386370315995,0.0
53,225.12680343294593,113.74948725533903,0.0,175.0,60.0,0.0,0.2619343895235668,0.05953876606230099,0.0
54,227.54185432366836,114.77040447569303,0.0,198.0,67.0,0.0,0.26537839253481976,0.059727940936321305,0.0
55,229.67933410280241,116.92593800634748,0.0,177.0,82.0,0.0,0.26851135908558865,0.06068268556175954,0.0
56,230.3434144247781,118.91847035723356,0.0,229.0,76.0,0.0,0.2699296284500695,0.0615217031679771,0.0
57,231.93929411640423,120.20432695791564,0.0,191.0,73.0,0.0,0.2724461353477394,0.06188533480177752,0.0
58,233.7667066232029,121.35180829281119,0.0,158.0,80.0,0.0,0.27524415449756445,0.06176597693241487,0.0
59,235.4516733460687,123.65370271661564,0.0,187.0,80.0,0.0,0.277884245504712,0.06262170522778719,0.0
60,237.06092434821292,125.72362819767432,0.0,170.0,68.0,0.0,0.28044415951016827,0.06340785227466605,0.0
61,237.31005980895188,128.01918954439492,0.0,218.0,60.0,0.0,0.28140023327958286,0.06443865327941997,0.0
62,237.25042662678578,129.61419623429936,0.0,215.0,58.0,0.0,0.28199070363440976,0.06499331009553674,0.0
63,237.16101629107706,131.3485511049352,0.0,234.0,55.0,0.0,0.28254536982796224,0.06564512936416347,0.0
64,237.42315927005626,133.8817174286593,0.0,212.0,71.0,0.0,0.28351934945647217,0.06683367627592557,0.0
65,237.15239716217073,136.69351691355786,0.0,245.0,72.0,0.0,0.2838569390484514,0.06820051510141706,0.0
66,236.878954320245,139.3040902897705,0.0,233.0,73.0,0.0,0.2841898069943067,0.06942662378737108,0.0
67,236.61344134335587,140.25455461571906,0.0,267.0,51.0,0.0,0.2845306902495126,0.0695356740514115,0.0
68,236.37441195368325,141.33897838842773,0.0,245.0,79.0,0.0,0.284902017898341,0.06955472191499962,0.0
69,236.10120282346338,142.36255894877502,0.0,233.0,82.0,0.0,0.2852307247950422,0.06975277298603288,0.0
70,235.83478711789854,143.85132367645406,0.0,218.0,73.0,0.0,0.2855661384813724,0.07008444407336695,0.0
71,235.55856997709463,145.24022883522647,0.0,247.0,54.0,0.0,0.2858881752153741,0.07055430068704391,0.0
72,235.29279122195334,146.8283035849804,0.0,258.0,63.0,0.0,0.28622137371803597,0.07101853708129222,0.0
73,235.0171763417764,148.69650317566675,0.0,268.0,58.0,0.0,0.28654110186528897,0.07180040931367147,0.0
74,234.73884461445857,149.91110783197666,0.0,254.0,73.0,0.0,0.2868559773162358,0.07206201035673887,0.0
75,234.87538934119777,151.9981260482662,0.0,229.0,54.0,0.0,0.287677449302011,0.07298178371047731,0.0
76,234.6080203917927,153.9777602198285,0.0,241.0,70.0,0.0,0.28800384327886586,0.07369916177102073,0.0
77,234.7590154389983,155.7473858256703,0.0,243.0,64.0,0.0,0.28884349848151647,0.07424536190013392,0.0
78,234.8791918387478,157.6317997336246,0.0,211.0,70.0,0.0,0.2896459943682267,0.07492349396375872,0.0
79,234.61243870367392,159.49080522967583,0.0,248.0,98.0,0.0,0.28997093544102315,0.07554826299029022,0.0
80,234.5340308510806,160.67491602280322,0.0,241.0,63.0,0.0,0.29052770485799717,0.07588920687262171,0.0
81,234.75170724947498,162.15866518313314,0.0,234.0,65.0,0.0,0.2914516387700739,0.07625083967007433,0.0
82,234.47356576759503,164.07400349779104,0.0,269.0,55.0,0.0,0.29175983427954943,0.07709411777452335,0.0
83,234.19144210762443,165.59631512833073,0.0,244.0,40.0,0.0,0.2920615167721768,0.07768836946032327,0.0
84,234.2039040743249,166.83593162303993,0.0,233.0,70.0,0.0,0.29272983076024817,0.07792466722027566,0.0
85,233.93192012801006,168.35756097537939,0.0,240.0,65.0,0.0,0.29304189807101877,0.07837064766051538,0.0
86,233.6955941244066,169.73410521966207,0.0,244.0,77.0,0.0,0.2933972202408584,0.07869614787327657,0.0
87,233.45656023716947,171.01495150658084,0.0,251.0,68.0,0.0,0.29374782143681644,0.07915371308121424,0.0
88,233.18245401412935,172.80289428373004,0.0,252.0,64.0,0.0,0.2940528660719946,0.07979915833469495,0.0
89,232.90936814454017,174.18385319418866,0.0,241.0,61.0,0.0,0.29435767586350403,0.0803314121220392,0.0
90,232.61556721005078,175.48773726056112,3.522256168135569,257.0,77.0,113.0,0.2946347288899183,0.0805274419099993,0.0017749171866990347
91,232.31452579119636,176.45991233604232,6.853491610195334,243.0,42.0,98.0,0.2949009566054476,0.08079789749175856,0.003453576192975281
92,232.0166318416796,177.03244151055847,9.165499387860846,256.0,49.0,121.0,0.2951695139148978,0.08080415881718787,0.004618631244190515
93,231.6988603081699,178.35328736525474,10.928193036661227,250.0,61.0,117.0,0.2954110706749757,0.08131630746587507,0.005506878748856566
94,231.44397498914287,180.16456976221815,12.724184664699902,212.0,64.0,107.0,0.29573121341176356,0.08205093636993445,0.006411905599717552
95,231.17502526276303,180.8426050346467,15.032017465765971,259.0,45.0,104.0,0.2960319286032065,0.081964727571437,0.007574856818228211
96,230.86117661347788,181.5428438929036,18.57133935149019,217.0,53.0,86.0,0.2962735274421948,0.08191167937755683,0.00935837367343673
97,230.65075062162418,182.8414099337736,21.522391165512225,240.0,71.0,102.0,0.2966463950041275,0.08197449967050946,0.01084545250402605
98,230.3395613695285,183.82387944140123,24.201181324933195,233.0,65.0,98.0,0.2968882177375358,0.08204758424930841,0.012195334643925398
99,230.14629051090785,184.76944604400092,28.10131203353743,251.0,71.0,114.0,0.2972806247413397,0.08214388352997425,0.014160668422796622
100,230.1038723164481,185.8939947074519,31.157186589152154,244.0,80.0,93.0,0.2978672351691423,0.08216884392509971,0.015700568989434817
101,229.89174330914847,187.0800462795957,34.41769211568985,234.0,61.0,89.0,0.29823345062388573,0.08230065104709866,0.01734358614097898
102,229.7131441165148,188.95684496691743,37.61259537026582,214.0,49.0,98.0,0.298642077987462,0.08320131267827499,0.0189535453335238
103,229.3519203844903,190.14531858594535,41.688145360501785,258.0,51.0,97.0,0.2988117803476013,0.0835693917247656,0.021007275493289533
104,229.13869290882036,191.39817278068074,43.76408940095878,241.0,71.0,69.0,0.29917270231517795,0.08376472362764605,0.02205337452190815
105,229.24204094053286,192.45838962939592,46.01689495143647,259.0,72.0,75.0,0.29994665527819375,0.08380542328996823,0.023188596691722782
106,229.035362485716,193.3145119087841,48.912816837965124,229.0,54.0,100.0,0.3003146764916425,0.0838777206118193,0.024647894733198953
107,228.73328042480466,194.1099824211435,52.17757024635653,267.0,44.0,98.0,0.3005561883952216,0.08406102346663541,0.02629305245548792
108,228.30678860693428,195.41029759099183,55.122307677602734,273.0,74.0,90.0,0.30063219812423403,0.08418583829545845,0.02777694937483137
109,227.9022026508202,196.64179517635654,57.405418472632796,246.0,71.0,88.0,0.3007347401322914,0.08442978767061797,0.02892744280739223
110,227.754681277712,197.818329860265,59.755283634876164,198.0,79.0,85.0,0.3011749634054022,0.08454069274969087,0.03011157475685768
111,227.5403612180442,198.7612531132699,62.376225460329174,233.0,71.0,93.0,0.3015258492530602,0.0845884087247399,0.03143230626225449
112,227.27325613108923,199.99394338745952,64.52830045056177,240.0,76.0,83.0,0.3018054483489603,0.08478997659630685,0.03251676880696795
113,227.0154605109256,201.0849942484271,67.77598064302077,257.0,83.0,92.0,0.30209595015980867,0.08488667987976789,0.034153323082220674
114,226.6394040392398,201.84316963539672,70.51649536160683,242.0,87.0,82.0,0.3022273154428541,0.08477081485708324,0.03553430914405921
115,226.21437523453497,203.10053307906634,73.29509977024694,245.0,53.0,74.0,0.3022911456819006,0.08520480178100294,0.036934489166327036
116,226.15110027420872,204.1347296804477,76.16683493831233,243.0,66.0,92.0,0.30283703126030015,0.08526952730842725,0.03838159916121005
117,225.7228726803238,204.98010793012904,78.63723376352243,242.0,66.0,81.0,0.3028928451894314,0.08535692408450561,0.039626469813303325
118,225.59989646011616,205.8464748543302,82.16635776672858,234.0,83.0,81.0,0.30335673651657585,0.08536660578436568,0.041404847804078014
119,225.22239380490345,206.67830134697988,84.41793134070411,280.0,62.0,75.0,0.30347698284355107,0.08547136232402816,0.04253944916263903
120,225.00843081727737,207.76124398878358,87.68769297519503,216.0,68.0,87.0,0.30381594611096785,0.08553901398724388,0.04418713060442895
121,224.53655618402286,208.85938540135416,90.90548269983938,259.0,74.0,79.0,0.3038047576503096,0.08573331313268576,0.045808622629092785
122,224.09694012034635,209.79680793150487,93.15708608172609,256.0,82.0,94.0,0.30383467846110446,0.08575494718060804,0.04694323900830287
123,223.8577681405881,210.46016580671312,95.7457886226114,209.0,59.0,85.0,0.30413447613877576,0.08568178922462868,0.0482477246594703
124,223.76672384082883,211.4546184037567,97.84190574007134,242.0,68.0,71.0,0.3046346038463892,0.08582604898306884,0.04930398920114984
125,223.2866523658779,212.22033915338665,101.11914432583468,244.0,68.0,81.0,0.30460352371485294,0.08574744730043794,0.050955438389714565
126,222.9797796781624,213.07248842225692,104.0071405346635,212.0,68.0,64.0,0.30480652775883393,0.08585720829592672,0.05241074256450582
127,222.85611719233668,213.87381047391938,106.97279367379991,211.0,68.0,73.0,0.3052587777281882,0.08586783314047092,0.05390517921964197
128,222.73401784091004,214.63098447030404,110.07373589479296,244.0,54.0,64.0,0.3057124871188758,0.08592735189059977,0.05546779005209445
129,222.24933381408422,215.43421596963233,113.35346188733061,255.0,78.0,92.0,0.3056668444966274,0.08593045947359035,0.05712049268186938
130,222.01211081279342,216.30161884370824,115.12955766512079,206.0,64.0,75.0,0.3059595340352037,0.0859759105595687,0.058015493718347674
131,221.5269694609835,216.8062516691885,117.06339840145009,240.0,70.0,72.0,0.3059085516597506,0.0859126438678176,0.058989984781860086
132,221.28128677210975,217.9498501866177,119.42579405430412,241.0,78.0,77.0,0.30618620582096157,0.08610834327942071,0.060180431031615175
133,220.76623014710378,218.97967157352562,122.30766130624902,246.0,62.0,70.0,0.3060890106613777,0.08620369844548886,0.06163264673402096
134,220.78042638829757,219.55247021312013,124.92992140289522,216.0,75.0,70.0,0.3067242235774098,0.08610322948411639,0.06295404253584763
135,220.51295432912042,220.7036236259804,128.23679668686538,222.0,78.0,79.0,0.3069674197044618,0.08620392086644871,0.0646204260967275
136,219.7021082288136,221.32951881249414,130.58544889905608,224.0,74.0,81.0,0.30645120324937225,0.08612366203533382,0.06580394682264978
137,219.52406929488444,221.90591224503066,132.83788741035156,203.0,76.0,77.0,0.3068149034485744,0.08611604809577168,0.06693898403597016
138,219.1315199741868,222.05639776186055,135.05321474884894,237.0,106.0,58.0,0.30687720864143453,0.08588635950489876,0.06805532037823699
139,218.5996218007667,222.30501876870068,137.86220794341062,233.0,86.0,57.0,0.3067417922500365,0.08569443932529601,0.06947081376098753
140,218.60375100300058,222.7014665720099,140.9297532412328,220.0,77.0,87.0,0.3073570682919749,0.08555698249468446,0.07101659538792818
141,218.47025874059756,223.25623695221663,143.05128748825157,223.0,49.0,61.0,0.3077784911511168,0.08572917549031647,0.0720856679986229
142,218.2685040140858,224.08550316301992,146.51918086024153,246.0,54.0,98.0,0.3081028152960137,0.08610345018459689,0.07383319096508639
143,217.79289596875907,224.63640399361947,149.29130618528455,230.0,52.0,96.0,0.3080386892031014,0.08624120628322335,0.07523010608091879
144,217.64944722821198,225.4226735764097,151.51853747206758,242.0,72.0,89.0,0.30844263504461433,0.08636194493253466,0.07635244099949387
145,217.39258710168474,225.84083959933176,154.529306612202,225.0,83.0,78.0,0.3086847468271706,0.08629963530514766,0.07786961227748082
146,217.19022430938668,226.26830620221386,157.4308369109163,227.0,70.0,120.0,0.3090029646259915,0.08622285953052258,0.0793317364811392
147,217.3092804718442,226.83723820624652,159.0963135221947,215.0,78.0,68.0,0.3097782457928274,0.0862055040239153,0.08017099487697812
148,217.30768416097277,227.2794023513336,161.71622322120464,245.0,69.0,114.0,0.31038186558479175,0.08619002119186805,0.08149120627853379
149,216.83562136366965,227.55598557634343,164.37740250661938,227.0,79.0,146.0,0.31031219799351106,0.08604707327929552,0.08283221403750955
150,216.49569080932832,227.92098521301415,168.38206487574055,230.0,60.0,95.0,0.31042936344353245,0.0860499894215627,0.08485022287235319
151,217.05584443845095,228.58101723675813,171.05361215474284,217.0,70.0,100.0,0.31183776117495043,0.08616654139777319,0.08619645521725676
152,216.82872851309642,229.2152803679032,173.26109152047022,231.0,74.0,95.0,0.3121160437984398,0.08621235735953621,0.08730883684950667
153,216.1100256723215,229.5583201387091,175.78603290674508,255.0,79.0,139.0,0.3116840734328401,0.08610347030480711,0.08858119230804766
154,216.84576150495366,229.88781611218906,178.32502361774846,202.0,86.0,106.0,0.31334981399068623,0.08599089444623188,0.0898606274299441
155,216.59401332353602,230.573977279149,180.34580034200462,235.0,71.0,68.0,0.31358995799355716,0.08600182165269875,0.0908789268287247
156,216.36540679131983,231.26051077684963,182.97601458104657,224.0,82.0,99.0,0.3138622710124084,0.08607815315684911,0.09220433084101924
157,216.29303892152922,231.35942154662928,185.44156193225524,225.0,75.0,86.0,0.3143603898678837,0.08592696455832913,0.09344675676332148
158,216.348286033333,231.61057462446468,187.84012825947352,276.0,78.0,107.0,0.31504394000992053,0.08581295889813773,0.09465542995300341
159,217.21757021383576,231.85307677767685,190.15081546048583,186.0,83.0,86.0,0.31691546305905127,0.0857066151970067,0.09581981954603327
160,216.73734614740252,232.12321369696676,192.20500354519976,218.0,86.0,111.0,0.31681917267050747,0.08561969774787356,0.0968549554254889
161,216.69531166506826,232.29170463620716,194.80437076417857,205.0,77.0,79.0,0.3173619598041897,0.08554426616545652,0.09816481516631229
162,216.84570546231873,232.20458355188902,197.16563481326378,202.0,103.0,110.0,0.3181868740371017,0.08532871244827682,0.09935469118412456
163,217.49351988454413,232.06638187315144,199.62200969245183,223.0,89.0,110.0,0.3197439036967615,0.08510411334442775,0.1005924949615694
164,217.8521902052648,231.92399812168873,201.59402498265567,219.0,94.0,122.0,0.32087866362104883,0.08488138263181277,0.10158622274965043
165,217.6148297728867,231.94423674622374,203.72897140785338,252.0,85.0,96.0,0.3211358600773423,0.08471409257519502,0.10266205395609301
166,218.5129033221687,231.81073349092966,205.93202479910917,199.0,84.0,106.0,0.32307047086159235,0.08449566821837778,0.10377220527408339
167,218.24171386327322,232.12322009074734,207.99313934277734,221.0,76.0,65.0,0.3232780823092497,0.08444473118778403,0.10481083149906022
168,219.09228303883629,231.98052384302935,210.16036825983772,204.0,95.0,114.0,0.3251489565029003,0.08422567048659034,0.10590293033252972
169,219.20132107247665,231.83922881209818,212.75051180952755,221.0,90.0,91.0,0.32592202357048694,0.08401319672524123,0.10720814212943193
170,219.51742683129112,231.69993566196334,214.59682558534342,234.0,108.0,78.0,0.3270041606136178,0.08380330403642709,0.10813852705781418
171,220.04086774340155,231.5626217562863,216.7284257080754,209.0,89.0,91.0,0.3283974990125156,0.08359462265399442,0.10921267201275353
172,220.26930145732607,231.4272800808336,218.4584097572382,226.0,107.0,117.0,0.3293526573214736,0.08338713333086953,0.11008443666444255
173,219.79928350928674,231.2939010573952,220.71943019499582,246.0,115.0,96.0,0.3292628014273231,0.08318360095314134,0.11122379843794412
174,220.1203695973935,231.15866890800186,222.51429826182806,243.0,117.0,81.0,0.3303576199955883,0.08298431260989714,0.1121282591096289
175,220.09267768671543,231.02477722767696,224.34618424644782,207.0,88.0,78.0,0.3309298125828096,0.08278453317923123,0.11305137365978266
176,219.5048905994789,230.8930986556025,225.9884586279289,234.0,92.0,102.0,0.3306581370530876,0.08258979476515277,0.11387894010748632
177,219.1012175685011,230.76525836130634,227.26347856449303,226.0,89.0,100.0,0.3306610461485073,0.08239680212555306,0.11452144158686892
178,219.13227840868984,230.6378980240097,229.15034983187942,225.0,91.0,87.0,0.33131900700381656,0.08220713041339939,0.11547226403751011
179,219.08233996063004,230.52070537788177,230.6975062026658,239.0,97.0,98.0,0.33185445102040145,0.08202130569638187,0.11625189910717433
180,218.6422332206996,230.39323076692233,231.27262836300207,242.0,109.0,134.0,0.331797525369029,0.08183802156599074,0.11654171170401696
181,218.5434401719305,230.2667505293486,231.70204787541547,243.0,111.0,119.0,0.3322570562038809,0.0816662935370636,0.1167581025729667
182,219.01220383744396,230.1417994904789,232.12798838082657,208.0,98.0,132.0,0.33358049284142294,0.08150483623757185,0.11697274031862663
183,219.3056099560738,230.01936865528359,232.54487732395407,210.0,97.0,128.0,0.33463896887646516,0.08134824460911096,0.11718281684764115
184,219.0610266823336,229.89843454393812,232.958531948585,225.0,107.0,116.0,0.3348766651323938,0.0811967983151054,0.11739126355553733
185,218.9028025077801,229.77881440824825,233.3707963803182,212.0,108.0,143.0,0.33524525785418763,0.0810514075322388,0.11759900972458878
186,219.71093765565578,229.6608506051635,233.78100427515287,206.0,85.0,127.0,0.3370956263857301,0.08091420979599023,0.1178057195741586
187,219.34355841344018,229.54803567742417,234.1873609335019,243.0,100.0,120.0,0.33714367249798394,0.08077906546391392,0.11801048872847458
188,219.70520790653765,229.43303965632862,234.58970361895905,255.0,73.0,118.0,0.3383122651651336,0.0806434595797994,0.118213235182245
189,219.72121715043295,229.32308723851907,234.9864198558318,251.0,117.0,128.0,0.33894968158373995,0.0805098229515398,0.11841314638502409
190,220.02986719526717,229.2107636830463,235.37787119117036,228.0,97.0,130.0,0.3400394448361227,0.08037564805780499,0.11861040452573918
191,220.18626569989192,229.10328370396496,235.76815166578152,233.0,97.0,132.0,0.34089521526648947,0.08024334831554866,0.1188070726523471
192,221.16291426333885,228.99328447582718,236.15685707371986,216.0,84.0,141.0,0.34302407075621577,0.08011253191586462,0.11900294707946969
193,220.718397247663,228.88404227029747,236.54004001701765,243.0,81.0,155.0,0.3429501833980914,0.07998810582580503,0.11919603865465433
194,221.19798630618197,228.98851898592696,236.9241283702921,217.0,85.0,144.0,0.34431226467148424,0.07995807837785049,0.11938958647937109
195,221.52116359549558,228.88669703528163,237.30884798851912,201.0,96.0,124.0,0.34543312086176037,0.07984610999099218,0.11958345240787135
196,221.21500365815635,228.78078004403534,237.69097081349992,253.0,95.0,124.0,0.3455726593114884,0.07973713233108466,0.1197760097736939
197,220.72355295170885,228.9146564382845,238.07004336711796,223.0,96.0,161.0,0.3454205233542978,0.07971245395765028,0.11996703006248191
198,220.42600118134231,228.8100464622833,238.44509921651368,247.0,92.0,112.0,0.34556963176724304,0.07960953130521545,0.12015602627436642
199,221.01466666132137,228.70960745516015,238.8201186443793,192.0,94.0,156.0,0.34710890962150853,0.07951146377483484,0.12034500413290107
200,220.3868156116326,228.60657677438414,239.19085643438115,247.0,80.0,148.0,0.346737512812479,0.07941947459138508,0.1205318244105362
201,220.44569440555006,228.51659645313285,239.55987572416745,214.0,73.0,127.0,0.34744497377568895,0.07933534723151661,0.12071777871039392
202,220.72308021485514,228.41927097679945,239.92761133434362,200.0,95.0,135.0,0.3484977654313496,0.07925538777157506,0.12090308614503414
203,220.43848943707974,228.31946265599504,240.2878902457257,217.0,79.0,125.0,0.34866324043546143,0.07917872282638677,0.12108463603842415
204,221.0882199582618,228.22350573456563,240.64962193152803,218.0,110.0,132.0,0.35030753496058215,0.07910347928261567,0.12126691800641742
205,220.8381966686866,228.13671507477875,241.00582643144224,217.0,87.0,128.0,0.35052731527907766,0.0790314435390429,0.12144641474336595
206,220.54283782633766,228.6158327077379,241.35757015161892,225.0,96.0,122.0,0.35067361866729346,0.07922894901095529,0.12162366362716465
207,220.00926233808335,228.51681578001285,241.70019505309077,247.0,81.0,143.0,0.3504388376835311,0.07915189766110188,0.1217963174028085
208,220.4794745277357,228.41762998426404,242.03869411159738,233.0,97.0,145.0,0.3518027532968926,0.07907490729382717,0.12196689210491565
209,220.2044028303674,228.3189427505662,242.3739687302486,229.0,91.0,134.0,0.3519780223512593,0.07900221529422248,0.12213584196389854
210,220.25043441158695,228.22071216613415,242.7081018886451,244.0,96.0,137.0,0.3526659123020337,0.07893267877812858,0.12230421662410894
211,219.715328163626,228.12660822212496,243.0398141625002,214.0,107.0,112.0,0.3524219212504116,0.0788691794865258,0.12247137136465018
212,219.21745374235127,228.0295316407822,243.36916052789616,237.0,93.0,131.0,0.35223477204765496,0.07880477809980768,0.1226373338887864
213,219.1206124233425,227.9382063878178,243.69615181468276,260.0,74.0,137.0,0.35269034045387915,0.07874240983994997,0.12280210965383975
214,218.51609389651387,227.84189247813066,244.0188833838883,258.0,84.0,137.0,0.3523268131460354,0.07868226882002563,0.12296473888394951
215,218.84483729977262,227.74960610529948,244.33870609583943,219.0,75.0,109.0,0.3534672751182326,0.07862357375392717,0.12312590229769384
216,218.15578748450693,227.65443242287068,244.6500129023259,235.0,94.0,145.0,0.35296284661630045,0.07856410800344675,0.12328277442021801
217,218.40283025703835,227.563699348491,244.95686365578314,194.0,102.0,155.0,0.35397172973175345,0.07850632221408424,0.12343740107145075
218,217.67619970315437,227.52086899916418,245.25927052332833,241.0,71.0,138.0,0.35340121825209925,0.07846596341558051,0.12358978838258321
219,217.35221069573095,227.42772667605183,245.56017920749085,261.0,97.0,118.0,0.35348147545816916,0.07841012586077821,0.1237414207368619
220,217.94090369227817,227.37344452284424,245.8636644235051,204.0,107.0,137.0,0.35504677574466403,0.07836783660476082,0.12389435144380077
221,217.21858564640425,227.28018964306295,246.1606248702452,257.0,99.0,150.0,0.354475943109253,0.0783124991765283,0.12404399422261314
222,217.30320877294258,227.1868815302854,246.45728820555473,238.0,95.0,157.0,0.35522017101786507,0.07825721677417799,0.12419348728256371
223,217.64968930755836,227.09754966839938,246.75408878140476,210.0,101.0,134.0,0.35639365661929884,0.07820334472475857,0.12434304950006059
224,218.04622005890334,227.00514059413769,247.04769035325845,231.0,91.0,119.0,0.35765117358818627,0.07814850660237975,0.12449099969194022
225,218.44878107089067,227.31566685141559,247.33898728910913,198.0,85.0,137.0,0.35892081407346393,0.0782294101756792,0.1246377885435154
226,218.39899189662435,227.22368114663124,247.6288147730103,243.0,83.0,125.0,0.3594482110097348,0.0781762981225079,0.12478383691643262
227,218.59706872756567,227.13531045998724,247.91974522153984,211.0,97.0,128.0,0.36038397096234503,0.07812794987910457,0.12493044108960452
228,218.99487480578802,227.04379805751552,248.20807449742205,231.0,103.0,125.0,0.3616506745463405,0.07807860530958932,0.12507573449325346
229,218.81452775707322,227.26151984034422,248.4948788630582,239.0,83.0,124.0,0.36196321934244463,0.0781334441607235,0.1252202594719853
230,219.10445572549816,227.17402777211734,248.78222099423752,200.0,91.0,132.0,0.3630540026354092,0.07808557364950927,0.12536505543875986
231,219.60427806714546,227.08875954007104,249.07100827111944,207.0,91.0,128.0,0.36449478530426915,0.07803851077619489,0.12551057963591364
232,219.36479599320955,226.99833701117518,249.35653035301144,229.0,95.0,127.0,0.36470921492373476,0.07798977035108368,0.12565445845282558
233,219.52755851191216,226.90745528243923,249.64041121682553,240.0,78.0,128.0,0.3655921935285209,0.07794093238708563,0.12579751023557692
234,219.7329845762986,226.98473766570078,249.92518936296355,249.0,96.0,131.0,0.3665472527329376,0.07794877346122583,0.12594101417221537
235,220.83787323320814,226.89456116657044,250.212956761755,179.0,82.0,128.0,0.36900640771798593,0.07790028448494987,0.1260860244376547
236,220.2013752459049,226.80828895582297,250.49873514531282,243.0,80.0,130.0,0.3685571234970709,0.07785316458531577,0.12623003240878203
237,220.24259550039358,226.7185339276342,250.7843429151735,238.0,73.0,142.0,0.36924049787562985,0.07780492556979007,0.12637395440513383
238,220.758257161926,226.88409029800962,251.07163306079485,195.0,92.0,142.0,0.37072083832297037,0.07784270563481094,0.12651872417561377
239,221.09142294550463,226.7946697244643,251.35915035906555,214.0,94.0,123.0,0.3718970835198054,0.07779468382602224,0.12666360841168683
240,220.40317572264976,226.72151544483472,251.6441492090043,254.0,105.0,134.0,0.37135422647764227,0.07775432942140045,0.1268072235642478
241,220.463353116725,226.63281343920303,251.92465888200624,216.0,114.0,139.0,0.37207063094850007,0.07771039267797633,0.12694857655388858
242,220.13927695124454,227.0558027667434,252.2045956089537,223.0,91.0,141.0,0.37213780728576085,0.07783879555619741,0.12708964082750449
243,220.09148505596752,226.97060752723957,252.48419254529563,233.0,94.0,124.0,0.3726709986304142,0.07779613325776231,0.1272305338755886
244,220.4014610433005,226.89458188442137,252.76082921016138,199.0,93.0,125.0,0.3738107170475553,0.07775660445166582,0.12736993519891746
245,219.95152010610673,226.80634572287389,253.03096955285466,225.0,111.0,139.0,0.3736611953965976,0.07771300963346743,0.12750606292903677
246,219.87008285942338,227.27349250675212,253.29833929275392,214.0,86.0,125.0,0.3741362215012582,0.07786567531913971,0.12764079451126628
247,219.19664798094803,227.1849385071431,253.5638652745827,240.0,98.0,145.0,0.37360178772562336,0.07782096529686827,0.12777459699642524
248,218.96735253503493,228.19294501286143,253.82756970474802,211.0,84.0,127.0,0.3738218363495124,0.07814552519359744,0.12790748157465193
249,218.9695637184371,228.11006954941072,254.08991573455964,253.0,103.0,131.0,0.37443648380278644,0.07810281672902841,0.12803968163476892
250,218.25669810852483,228.02602503152633,254.34923265079124,252.0,91.0,119.0,0.3738263755767598,0.07805975843616517,0.12817035527957224
251,217.94967621117436,227.93845889891472,254.60675016614945,206.0,81.0,140.0,0.37390854771683524,0.07801555754473405,0.12830012217955533
252,218.52278245351755,227.85374854378617,254.86287050727384,205.0,97.0,129.0,0.37550138951548273,0.07797236076441658,0.12842918502269476
253,218.72506628282213,227.765850039025,255.11623328802827,234.0,119.0,146.0,0.3764591905135883,0.07792813240247462,0.1285568582902155
254,219.08630938390448,227.6777852187696,255.37160262445465,222.0,98.0,137.0,0.3776921602010862,0.07788388931673633,0.12868554269093557
255,219.42774187922208,227.66217545392573,255.62745871035332,196.0,107.0,143.0,0.37889294130759776,0.07786520100009203,0.12881447237194266
256,219.4198333536828,227.57843799286277,255.87901834283014,217.0,87.0,144.0,0.3794914379270796,0.07782500513488562,0.12894123700627055
257,220.1281453843754,227.5038514205782,256.12742353379787,208.0,102.0,137.0,0.38133061123908074,0.07778834417100508,0.1290664120706803
258,219.65078602957982,227.41703454848835,256.37366797681443,235.0,90.0,118.0,0.38111647961569617,0.07774760227818192,0.12919049830211146
259,219.59715910583992,227.37665460697485,256.6176937984558,243.0,90.0,138.0,0.38163608892066414,0.07772253294947762,0.12931346653728637
260,219.65602851410154,227.289765412583,256.8595938210433,206.0,95.0,134.0,0.382351222711405,0.07768183965785586,0.1294353635507511
261,220.02475612261563,227.63035354206994,257.09752061690847,189.0,101.0,126.0,0.38360691737726654,0.07778511881446369,0.12955525839627022
262,220.01272680290836,227.543598737382,257.3340872065339,235.0,94.0,112.0,0.38419977173396364,0.07774454192289754,0.12967446781366682
263,220.30422366993218,227.4606751678869,257.5702429996203,244.0,103.0,129.0,0.38532344533631463,0.07770528995578678,0.12979347022458726
264,220.60620316900025,227.37419495955606,257.8070259376619,202.0,93.0,111.0,0.38646711281666546,0.07766589257696957,0.1299127886631634
265,220.8699330994537,227.29153184461984,258.04392860711033,203.0,77.0,102.0,0.38754535487135877,0.07762857683780744,0.1300321674361734
266,220.7712918201276,227.20529025998428,258.2806930698629,226.0,85.0,119.0,0.3879882329953759,0.0775900887174458,0.13015147656477705
267,221.06949990820587,227.12453033308591,258.51695536887416,209.0,102.0,144.0,0.3891291029944904,0.07755347855665189,0.1302705326456146
268,220.80561168503294,227.0385167873517,258.7490910784045,233.0,102.0,119.0,0.38928066371929787,0.07751513135173702,0.13038750927673512
269,221.41303809414546,226.9563103245972,258.98038597913353,225.0,94.0,135.0,0.39096931553371705,0.07747809763919913,0.1305040622118151
270,221.2284258965381,226.91747794241357,259.2112017926197,253.0,98.0,138.0,0.3912605752322151,0.07745569978567558,0.13062037372771923
271,220.8598199508805,226.83212607185382,259.44158391238176,232.0,78.0,131.0,0.39122488683652445,0.07741766926161246,0.13073646669891567
272,220.5049906839302,227.17816541596366,259.6684327693246,249.0,77.0,138.0,0.39121158703203407,0.07752492392328315,0.1308507792065105
273,220.53718758676865,227.09255874007508,259.88996154832114,224.0,109.0,111.0,0.39188403761704815,0.07748686866646749,0.13096241084782792
274,220.83284712724,227.00672873950077,260.1082826802973,234.0,76.0,125.0,0.3930255669072468,0.07744876828976816,0.13107242610817998
275,220.1873628653136,226.92470549313026,260.3235041271082,246.0,92.0,133.0,0.39249113008866604,0.0774119794658345,0.13118087939114864
276,220.42959288198665,226.83943611977583,260.5372718758228,187.0,92.0,146.0,0.3935379511016987,0.07737412710503704,0.1312886001340599
277,220.26558628188067,226.75763648131897,260.7490856124856,200.0,103.0,140.0,0.39385973035097377,0.07733747221652906,0.1313953362212823
278,219.57394079124543,226.67259019345695,260.9594283379873,236.0,85.0,134.0,0.39323564768422364,0.07729975301480922,0.13150133104413692
279,219.1344722261143,226.60002211698904,261.1668430729203,232.0,89.0,136.0,0.3930600368105477,0.07726626394663996,0.13160585040906492
280,218.5444827479369,226.8618240982508,261.3727005179468,265.0,89.0,142.0,0.39261156855820256,0.07734538948893659,0.1317095850324841
281,218.48848485107305,226.82428147674847,261.5751337006442,224.0,84.0,108.0,0.39312060833347384,0.07732375015532678,0.13181159411926724
282,218.40089950127938,226.74357281326516,261.77582898920696,253.0,83.0,131.0,0.3935724163924533,0.07728760398698212,0.13191272745538918
283,218.52031610468634,226.67164747644205,261.97533957853216,239.0,110.0,135.0,0.39439734745054,0.07725444265169945,0.13201326380397316
284,218.98711067687952,226.58746198255412,262.1751840032805,217.0,90.0,139.0,0.39585088425563797,0.07721718026488472,0.13211396837718414
285,219.42122562761668,226.74766344427744,262.37539438261183,223.0,76.0,116.0,0.39724786513898447,0.07726223263632022,0.13221485736034372
286,219.13324911040274,226.66361607367716,262.5741987545275,237.0,95.0,133.0,0.3973379575394732,0.07722507004723941,0.1323150378354881
287,218.5728128537057,226.583036096785,262.7716040265458,228.0,75.0,139.0,0.39693165508105716,0.07718910117360218,0.1324145132834183
288,218.6418982571861,226.49886825562606,262.96491365840615,192.0,98.0,133.0,0.39766720618507345,0.07715463033292999,0.13251192487745492
289,218.28350877173926,226.41814269438075,263.1557974376411,237.0,107.0,144.0,0.3976244595058662,0.07712242329366471,0.13260811404833103
290,218.25672351857946,226.3341395552589,263.3453725515408,230.0,105.0,140.0,0.3981846905192847,0.07708913566200046,0.13270364376331167
291,217.94447516548962,226.2498808036175,263.53203321961774,249.0,90.0,155.0,0.3982231837640118,0.07705578482144135,0.13279770484576442
292,217.31968016769682,226.16570263533532,263.7149801331233,238.0,108.0,142.0,0.39768798753478807,0.0770224838262747,0.13288989451214134
293,217.1025508617319,226.08160476304988,263.89301096493864,248.0,96.0,121.0,0.39789646038491766,0.07698923243390335,0.13297960689195348
294,216.4456643248484,226.00128077102949,264.06822362574997,245.0,92.0,127.0,0.39729652907701385,0.07695727417278377,0.13306789915354839
295,217.28286542879445,225.917677764714,264.24179936192115,207.0,87.0,135.0,0.3994395747359413,0.07692423410636995,0.13315536654450966
296,216.8589872033553,225.84652057566146,264.4122325252684,228.0,84.0,164.0,0.39926548576642296,0.07689540682768832,0.13324125034635953
297,217.3415168081275,225.76307179170811,264.58500578633027,208.0,98.0,152.0,0.4007603780664711,0.07686246281677685,0.13332831335819695
298,217.11594937511484,225.67936541178727,264.7565481004067,249.0,115.0,123.0,0.40095031647885393,0.07682945392175031,0.13341475607756947
299,216.8469205259707,225.59943151455792,264.9243540234156,220.0,84.0,129.0,0.40105861742452803,0.07679773697744946,0.13349931597399972
300,217.2610124514943,225.51621721464932,265.0913854653455,228.0,94.0,147.0,0.4024307591737546,0.07676493705514226,0.13358348559791366
301,217.74285063698284,225.50513692275337,265.25797561593606,208.0,105.0,145.0,0.4039308902796521,0.07675644693672744,0.1336674328485688
302,217.52731952936708,225.47270042793514,265.4217486182482,225.0,93.0,126.0,0.404138090540317,0.07674078722991003,0.13374996049637328
303,217.74127285843593,225.39035040084835,265.58302735958716,200.0,84.0,117.0,0.40514321723663804,0.07670834220917336,0.13383123124903498
304,219.11644477889902,225.3134420787624,265.7477955363566,176.0,83.0,144.0,0.40831341888428785,0.07667775049922268,0.1339142603800263
305,218.94482976873502,225.23057133045683,265.9129379034976,197.0,81.0,131.0,0.408604616282382,0.07664517206012997,0.13399747807110238
306,218.39364533365034,225.15113471156445,266.07633566173513,276.0,107.0,119.0,0.40818543060268286,0.07661377068905867,0.13407981662784554
307,218.03931693556473,225.11536963141566,266.2369021338337,246.0,92.0,118.0,0.4081316522276115,0.07659709466266479,0.1341607284574602
308,218.42123109744756,225.033047317811,266.3926448414456,217.0,83.0,124.0,0.40945607216226365,0.07656476275879265,0.13423920952051974
309,218.27080291902018,225.0227167250394,266.54486554446805,206.0,94.0,137.0,0.40978320368890064,0.07655669167519975,0.13431591579316685
310,218.4620984130081,224.94018517558067,266.699012390881,227.0,95.0,123.0,0.41075200718490656,0.07652432990904567,0.1343935926780706
311,218.80642989502388,224.8610864765717,266.8535554730871,196.0,100.0,117.0,0.41201004682448855,0.07649314412437301,0.13447146923207443
312,218.58036559500687,224.77870424865876,267.0024954656118,246.0,100.0,140.0,0.41219437107040025,0.07646087270852235,0.13454652230598496
313,219.5828281680616,224.69606049650685,267.1546229557854,205.0,94.0,146.0,0.4146975962394286,0.07642853307824139,0.13462318160729334
314,218.97180396485038,224.61718532479466,267.3056646958608,236.0,81.0,106.0,0.4141547341002311,0.07639748209024652,0.1346992937830045
315,219.57905204320485,224.53502587400658,267.45835934564985,176.0,93.0,130.0,0.4159160575395229,0.0763653448375136,0.13477623888446513
316,219.45788072964336,224.4526041537554,267.6102164743148,208.0,91.0,142.0,0.4162990040217446,0.07633313874090343,0.13485276194659462
317,219.3254504179551,224.3826270527206,267.7544637011834,208.0,73.0,119.0,0.41665988848898944,0.07630514223490847,0.13492545026620606
318,219.4217993481629,224.30092081353774,267.89692185074455,227.0,107.0,134.0,0.41745529524337316,0.07627325449389127,0.13499723704319544
319,218.8333740476591,224.22314982028828,268.037948182666,268.0,96.0,142.0,0.41694653251464986,0.07624273828893872,0.13506830230601446
320,218.64832104695313,224.14175366561307,268.17964290380837,243.0,86.0,99.0,0.4172041658599073,0.07621101901637933,0.13513970438008713
321,218.5250601871413,224.27879874146765,268.3189465663763,211.0,80.0,141.0,0.4175788480936396,0.07625286893999453,0.13520990156423823
322,218.63218885261432,224.28919776537236,268.4529734964316,170.0,92.0,148.0,0.41839373932076435,0.07625209300327232,0.1352774397245196
323,218.17965242832489,224.22630174099467,268.5838947691773,229.0,96.0,152.0,0.4181366457229642,0.0762266550132449,0.13534341289796537
324,217.88490386128927,224.1464126354346,268.7113284218839,219.0,90.0,146.0,0.41817986696734455,0.07619551240170594,0.1354076286078842
325,217.33848726328418,224.06960988290297,268.8362101490418,263.0,90.0,121.0,0.41773772516659113,0.07616542604769058,0.13547055836462432
326,217.11903158127453,223.9885092716116,268.96018512659884,238.0,85.0,155.0,0.41792188790445245,0.07613390949782992,0.13553303119677587
327,216.786333919786,224.32116976584877,269.0824435970027,231.0,86.0,129.0,0.417886538985916,0.07624172802672419,0.13559463905548372
328,216.7498302490427,224.2404005853627,269.20314336299464,231.0,83.0,121.0,0.4184211191157696,0.0762103566566525,0.1356554614598925
329,217.26395106639404,224.15936187876872,269.32625311535423,208.0,97.0,130.0,0.42001997956897485,0.07617891117449009,0.1357174982922189
330,217.37384157696832,224.0780536753997,269.4473903081147,201.0,76.0,150.0,0.42083911711258987,0.07614739149020966,0.13577854112247184
331,217.61893119249973,224.00050602099884,269.56712841927657,198.0,90.0,133.0,0.4219209963532514,0.07611715446835357,0.13583887893473176
332,217.42429904086285,223.9196661100255,269.68541970044146,256.0,75.0,127.0,0.4221504843869128,0.07608582524750876,0.1358984876678715
333,217.2128006409755,223.83855600572164,269.80202919640044,226.0,107.0,132.0,0.4223460948013448,0.07605442129379911,0.13595724892447242
334,217.37480395407385,223.76988265005326,269.9139778878648,216.0,94.0,126.0,0.42326780292722865,0.07602722108663545,0.13601366153247807
335,217.50596113268938,223.6892367625823,270.0236468920678,234.0,99.0,108.0,0.42413026970356904,0.07599600563683565,0.1360689253722206
336,217.271103663673,223.60850181796135,270.1316299634027,245.0,84.0,144.0,0.42427873255132686,0.07596480155678403,0.13612333964535572
337,218.20640866007503,223.60052297836842,270.23861364622667,208.0,82.0,125.0,0.4267142024957371,0.07595816839579171,0.13617725031177985
338,217.72599787001224,223.56323928553766,270.3445025768373,249.0,115.0,140.0,0.4263824382052367,0.07594168193245535,0.1362306093163072
339,217.81376054822363,223.48407336246203,270.44873795309866,212.0,98.0,130.0,0.42716226056283146,0.07591110713967826,0.13628313507024353
340,217.60563465844427,223.67805870641098,270.5522028475125,226.0,72.0,148.0,0.4273614728278926,0.07597251943004404,0.13633527256693576
341,217.8653637784977,223.64150453530476,270.65745823543256,196.0,93.0,125.0,0.4284796653673377,0.07595632011045847,0.1363883123198935
342,217.76488914001527,223.5677740894286,270.76193574110687,216.0,98.0,133.0,0.42888988669821226,0.07592761678598783,0.13644096008643658
343,217.8984969777727,223.48907192626876,270.86767487896213,209.0,76.0,136.0,0.4297612314188984,0.07589725303579956,0.13649424360817014
344,218.6429055861023,223.41311218090698,270.97336181161427,218.0,96.0,132.0,0.43183971271004074,0.0758678262258255,0.13654750082292666
345,218.43889006319841,223.5616137345072,271.0748380248466,232.0,83.0,137.0,0.43204648146051644,0.07591399164048351,0.1365986361936406
346,219.11067677292516,223.59668288115296,271.17812920099175,189.0,86.0,139.0,0.43398679328941814,0.07592197641655768,0.13665068615111753
347,218.76602291340905,223.63210795413988,271.28065918786524,245.0,102.0,141.0,0.4339147843545631,0.07593009435277259,0.1367023525340173
348,219.35958507782843,223.55320643321178,271.3815591317093,187.0,99.0,143.0,0.4357043923995515,0.07589973042138369,0.1367531975140292
349,219.7189981981631,223.47335403203815,271.48219592692095,193.0,97.0,137.0,0.43703158384961094,0.07586905948796896,0.13680390988953767
350,220.2983762993936,223.3972535940884,271.58320380565476,211.0,108.0,139.0,0.4387989200424631,0.07583966498335454,0.13685480925954333
351,219.90694184231359,223.31785236740862,271.6830317974451,218.0,80.0,129.0,0.4386330818536253,0.0758091720913171,0.13690511406699746
352,220.53147619524532,223.2381724684899,271.7830326998983,202.0,92.0,141.0,0.44049438007925534,0.07577859832283855,0.13695550600670234
353,220.44474557473035,223.16224411313007,271.8761323987127,208.0,96.0,150.0,0.4409364867679677,0.07574930062816468,0.13700242032741444
354,220.44129532055706,223.08301455223284,271.96614615264536,232.0,100.0,126.0,0.441544923643161,0.0757189041931024,0.13704777959467607
355,220.40035218782378,223.0158765539652,272.05425455855766,236.0,87.0,137.0,0.44207814161942705,0.07569259187378724,0.13709217872877685
356,221.39309316786668,222.9367573775045,272.1453614345112,196.0,84.0,121.0,0.44468737933856994,0.0756622580250827,0.13713808883645706
357,221.82797720036385,222.86150238112762,272.23456366840014,192.0,94.0,140.0,0.4461801011727966,0.07563325178647337,0.13718303916671803
358,221.84890383695637,222.7829903411287,272.32201528894666,219.0,89.0,155.0,0.44684147367510263,0.07560320696227507,0.1372271073369201
359,221.39903636479846,222.70956209004314,272.4088174039003,240.0,83.0,159.0,0.44655339273979344,0.07557488494906536,0.13727084821160912
360,221.8022302531475,222.6311518038073,272.4949733643725,204.0,84.0,134.0,0.44798577711978316,0.07554489641275694,0.13731426347945994
361,221.8400428323988,222.56482736269118,272.581420930773,208.0,85.0,160.0,0.44868141592397903,0.07551898825724818,0.13735782569186816
362,221.7046705850874,222.48651605893065,272.6689891955547,229.0,106.0,118.0,0.4490265117752874,0.07548905486618976,0.13740195264083244
363,221.564905901342,222.41194874551553,272.7559050346832,198.0,84.0,136.0,0.44936194686258046,0.07546039295106999,0.13744575082282195
364,221.24627321023812,222.45283726607317,272.84174977642925,227.0,99.0,130.0,0.44933333858044056,0.07547061715339454,0.13748900926293517
